model,dataset,experiment_name,perturbation,dose,DEGs,r2mean,r2mean_top20,r2mean_top100,r2mean_top20_boostrap_mean,r2mean_top100_boostrap_mean,cell_type_test,average_mean_expressed_diff,average_fractions_diff,average_mean_degs20_diff,average_mean_degs100_diff
scbutterfly,pbmc,,ifn-b,0,54,0.902,0.949,0.951,0.9498130543202792,0.8477347804049978,NK,0.92687094,0.5681551691524186,0.36936405,0.64988244
scPreGan,pbmc,,ifn-b,0,56,0.939,0.949,0.947,0.9475355455876213,0.9467878933277322,CD14+Mono,0.8759122,0.1932025903439451,0.11097312,0.2703054
scbutterfly,pbmc,,ifn-b,0,79,0.986,0.988,0.994,0.9925864564354988,0.9873237039487583,CD14+Mono,0.9242051,0.2676502016174178,0.04250994,0.3426906
scbutterfly,pbmc,,ifn-b,0,52,0.906,0.951,0.96,0.9647758628574139,0.9448872185306543,B,0.92375946,0.5818300312304195,0.35776135,0.6613029
scbutterfly,pbmc,,ifn-b,0,71,0.904,0.882,0.97,0.9679591244974601,0.8777213211268284,Dendritic,0.9185099,0.38028468148951805,0.14674968,0.40986088
scbutterfly,pbmc,,ifn-b,0,62,0.978,0.984,0.988,0.9874957541991947,0.9821687049902456,CD8T,0.9324115,0.5971280529375776,0.3428221,0.64246255
scbutterfly,pbmc,playground,ifn-b,0,63,0.97,0.974,0.994,0.985703081372156,0.9747720195627942,CD4T,0.9306004,0.5742845343428116,0.352966,0.69985616
scbutterfly,pbmc,,ifn-b,0,65,0.974,0.982,0.996,0.9900156302780762,0.9805797182320508,CD4T,0.93572533,0.5703780264210585,0.34360966,0.6971495
scbutterfly,pbmc,,ifn-b,0,83,0.984,0.98,0.976,0.9736271842215042,0.9817663523435214,FCGR3A+Mono,0.9307138,0.3375327900223838,0.082252756,0.40221837
scPreGan,pbmc,,ifn-b,0,51,0.885,0.901,0.935,0.9276307906486422,0.9005357898986562,Dendritic,0.851469,0.1812773071632047,0.1488631,0.3253164
scPreGan,pbmc,,ifn-b,0,27,0.771,0.891,0.906,0.8882250581507138,0.8797924656717262,B,0.8570876,0.19890287373861712,0.22870286,0.55324334
scPreGan,pbmc,,ifn-b,0,28,0.734,0.799,0.861,0.8610996443938146,0.7610140854289652,NK,0.86749023,0.21019321988136996,0.3081065,0.53097534
scPreGan,pbmc,,ifn-b,0,34,0.859,0.924,0.955,0.9549747489995866,0.9139831768106427,CD8T,0.8735357,0.19935098823168154,0.3648576,0.56717676
scPreGan,pbmc,,ifn-b,0,28,0.885,0.891,0.902,0.902131390097151,0.8945745683982619,FCGR3A+Mono,0.85767204,0.1818088542550716,0.10704249,0.37705493
scPreGan,pbmc,reproducible,ifn-b,0,47,0.803,0.719,0.581,0.5775071709465646,0.7114604482531736,Dendritic,0.84362465,0.24932356397263583,0.47418538,0.587809
scPreGan,pbmc,,ifn-b,0,37,0.491,0.475,0.717,0.7180381065722992,0.4903717010518311,CD4T,0.8829684,0.1542173079426377,0.37132367,0.66192263

ButterflyPipeline,PbmcPipeline,,ifn-b,0,61,0.937,0.941,0.986,0.9549068541940058,0.9389051862353616,CD4T,0.8879689,0.2847347833603471,0.28985763,0.65619713
ButterflyPipeline,PbmcPipeline,,ifn-b,0,74,0.974,0.97,0.941,0.9641499726876991,0.9698341188537242,CD14+Mono,0.8808092,0.17173966180492606,0.061008256,0.3399427
ButterflyPipeline,PbmcPipeline,,ifn-b,0,54,0.85,0.918,0.927,0.9372354478950305,0.9060544285261143,B,0.87857896,0.2832256901432418,0.35825914,0.6750003
ButterflyPipeline,PbmcPipeline,,ifn-b,0,87,0.98,0.978,0.976,0.9719877815072002,0.9751249962608164,FCGR3A+Mono,0.8829428,0.13697099190149045,0.095720276,0.40455544
ButterflyPipeline,PbmcPipeline,,ifn-b,0,59,0.854,0.927,0.929,0.9300284182414351,0.780988926560928,NK,0.8972699,0.35368417003993174,0.40339226,0.6565236
ButterflyPipeline,PbmcPipeline,,ifn-b,0,74,0.972,0.976,0.98,0.9807089221815446,0.9749465475700849,CD8T,0.9040652,0.3530800806795459,0.33188173,0.6386741
ButterflyPipeline,PbmcPipeline,,ifn-b,0,76,0.91,0.899,0.974,0.9719600608416566,0.8953191971222324,Dendritic,0.8754916,0.22238560411504318,0.13645972,0.41719395
ScPreGanPipeline,PbmcPipeline,,ifn-b,0,51,0.885,0.901,0.935,0.9276307906486422,0.9005357898986562,Dendritic,0.851469,0.1812773071632047,0.1488631,0.3253164
ButterflyPipeline,NaultPipeline,,,0.1,5,0.462,0.309,0.476,0.1933521020572104,0.10666279879212195,Stellate Cells,0.84809804,0.40982126010726605,0.586455,0.7071775
ButterflyPipeline,NaultPipeline,,,0.1,6,0.792,0.841,0.893,0.9752540179174887,0.8697466878956327,T Cells,0.87952054,0.40580687146846794,0.7414443,0.83096206
ButterflyPipeline,NaultPipeline,,,0.1,0,0.753,0.438,0.35,0.186737026961649,0.31666363449408386,Subtype 1,0.83625346,0.3378980392156863,0.7058509,0.7819797
ButterflyPipeline,NaultPipeline,,,0.3,5,0.572,0.667,0.908,0.7553011831076816,0.6870597304100038,Endothelial Cells,0.90631765,0.40559390464412975,0.67246944,0.7771708
ButterflyPipeline,NaultPipeline,,,0.1,3,0.845,0.231,0.004,0.0058264623646704225,0.5806945761772866,Neutrophils,0.8395929,0.31482605042016804,0.7984434,0.82560813
ButterflyPipeline,NaultPipeline,,,0.3,4,0.76,0.867,0.91,0.8980745015476903,0.7711923513234126,B Cells,0.8716013,0.3690862865497076,0.6500274,0.7606377
ButterflyPipeline,NaultPipeline,,,0.1,5,0.564,0.263,0.125,0.007022043249002987,0.20502645259174979,Portal Fibroblasts,0.8616483,0.4706988888888889,0.75576794,0.78475255
ButterflyPipeline,NaultPipeline,,,0.3,7,0.674,0.887,0.869,0.9506867287991777,0.820739761083183,Cholangiocytes,0.86583656,0.41436044815007816,0.56432897,0.72588027
ScPreGanPipeline,PbmcPipeline,,ifn-b,0,27,0.771,0.891,0.906,0.8882250581507138,0.8797924656717262,B,0.8570876,0.19890287373861712,0.22870286,0.55324334
ScPreGanPipeline,PbmcPipeline,,ifn-b,0,28,0.734,0.799,0.861,0.8610996443938146,0.7610140854289652,NK,0.86749023,0.21019321988136996,0.3081065,0.53097534
ScPreGanPipeline,PbmcPipeline,,ifn-b,0,56,0.939,0.949,0.947,0.9475355455876213,0.9467878933277322,CD14+Mono,0.8759122,0.1932025903439451,0.11097312,0.2703054
ScPreGanPipeline,PbmcPipeline,,ifn-b,0,37,0.491,0.475,0.717,0.7180381065722992,0.4903717010518311,CD4T,0.8829684,0.1542173079426377,0.37132367,0.66192263
ScPreGanPipeline,PbmcPipeline,,ifn-b,0,28,0.885,0.891,0.902,0.902131390097151,0.8945745683982619,FCGR3A+Mono,0.85767204,0.1818088542550716,0.10704249,0.37705493
ScPreGanReproduciblePipeline,PbmcPipeline,,ifn-b,0,47,0.803,0.719,0.581,0.5775071709465646,0.7114604482531736,Dendritic,0.84362465,0.24932356397263583,0.47418538,0.587809
ButterflyPipeline,NaultPipeline,,,0.3,33,0.945,0.949,0.972,0.9712491330862788,0.9208740172645881,Hepatocytes - portal,0.7722323,0.17665225554659375,0.33665642,0.52937996
ScPreGanPipeline,NaultPipeline,,,0.01,9,0.368,0.408,0.429,0.3670412588246827,0.2765079340034743,Portal Fibroblasts,0.732641,0.1282904761904762,0.56724876,0.6457121
ButterflyPipeline,NaultPipeline,,,0.3,17,0.916,0.972,0.988,0.9857701485114637,0.9579441060174149,Macrophage,0.87833434,0.27631858874798315,0.45433044,0.6701167
ScPreGanPipeline,PbmcPipeline,,ifn-b,0,34,0.859,0.924,0.955,0.9549747489995866,0.9139831768106427,CD8T,0.8735357,0.19935098823168154,0.3648576,0.56717676
ButterflyPipeline,NaultPipeline,,,0.3,3,0.856,0.908,0.962,0.9413047365344851,0.9310144876757285,Neutrophils,0.809689,0.2743804761904762,0.6471519,0.8168791
ButterflyPipeline,NaultPipeline,,,0.3,4,0.536,0.835,0.225,0.8143607979373481,0.5835974859296345,Portal Fibroblasts,0.87432986,0.4426190476190477,0.7125423,0.8180637
ButterflyPipeline,NaultPipeline,,,0.3,4,0.441,0.539,0.874,0.5322336718436764,0.3144576009445109,Stellate Cells,0.8654879,0.39314639636388293,0.72085625,0.7576511
ButterflyPipeline,NaultPipeline,,,0.3,6,0.826,0.872,0.526,0.45677550825382235,0.8217261647250035,Subtype 1,0.83332676,0.320492,0.7503517,0.7746279
ButterflyPipeline,NaultPipeline,,,0.3,6,0.789,0.918,0.986,0.9843840758033316,0.8432321367138539,T Cells,0.8745023,0.3743472177635099,0.65750134,0.79996806
ButterflyPipeline,NaultPipeline,,,1.0,12,0.764,0.927,0.994,0.9405450728513762,0.8116403920423646,B Cells,0.8800694,0.4218779279279279,0.59884435,0.7913367
ScPreGanPipeline,NaultPipeline,,,0.1,27,0.287,0.172,0.125,0.0019169763695924692,0.03830214672923717,Stellate Cells,0.8499678,0.20418843282797977,0.4967355,0.617005
ButterflyPipeline,NaultPipeline,,,1.0,59,0.941,0.943,0.958,0.951681772898165,0.9298358479329129,Hepatocytes - portal,0.7938549,0.1909185037305548,0.3120848,0.4851202
ButterflyPipeline,NaultPipeline,,,1.0,5,0.687,0.729,0.615,0.5173343174618281,0.743497056895678,Cholangiocytes,0.8586111,0.45892170792079207,0.42006245,0.6958516
ButterflyPipeline,NaultPipeline,,,1.0,60,0.962,0.933,0.956,0.912755347850218,0.9470860674215639,Hepatocytes - central,0.8000693,0.2372213306077615,0.23905325,0.4567603
ButterflyPipeline,NaultPipeline,,,1.0,14,0.615,0.721,0.863,0.753209558999011,0.6289994736767724,Endothelial Cells,0.9022992,0.44217984836340657,0.5086099,0.69124895
ScPreGanPipeline,NaultPipeline,,,0.3,4,0.729,0.814,0.169,0.3694343832439659,0.7665031486428684,Subtype 1,0.7584858,0.14359466666666668,0.74506044,0.71708447
ScPreGanPipeline,NaultPipeline,,,1.0,26,0.355,0.555,0.806,0.7808452238328855,0.3705766618105294,Stellate Cells,0.8011069,0.150599842872598,0.39900938,0.5255175
ScPreGanPipeline,NaultPipeline,,,0.1,4,0.682,0.3,0.378,0.34076320254354203,0.22414055414789677,Subtype 1,0.7858833,0.1862335294117647,0.7327783,0.7655712
ScPreGanPipeline,NaultPipeline,,,0.3,7,0.298,0.276,0.85,0.4914260844898125,0.13328146793964463,Stellate Cells,0.77991325,0.17029819440890132,0.47737905,0.6635175
ButterflyPipeline,NaultPipeline,,,1.0,26,0.891,0.796,0.638,0.6102673896364997,0.9251745183969103,Macrophage,0.87808424,0.2769556377311904,0.5990019,0.71117765
ScPreGanPipeline,NaultPipeline,,,0.03,7,0.575,0.734,0.769,0.6594167147079619,0.5749118611006758,B Cells,0.81302965,0.16918486486486486,0.6615478,0.74087316
ScPreGanPipeline,NaultPipeline,,,0.1,11,0.578,0.548,0.605,0.759263254921004,0.603106173170963,Cholangiocytes,0.80419886,0.1963999395359383,0.72838545,0.7472286
ScPreGanPipeline,NaultPipeline,,,0.1,8,0.554,0.516,0.41,0.8974726922348111,0.6584605468216193,T Cells,0.85526574,0.2291274793790998,0.7029092,0.7874201
ScPreGanPipeline,NaultPipeline,,,0.1,7,0.794,0.204,0.006,0.02532574217931463,0.5498444418681876,Neutrophils,0.7970684,0.2069347338935574,0.7958064,0.81606245
ScPreGanPipeline,NaultPipeline,,,0.1,18,0.465,0.181,0.111,0.016290271886418402,0.06685732172188649,Portal Fibroblasts,0.8190745,0.2012253968253968,0.614328,0.7290722
ScPreGanPipeline,NaultPipeline,,,0.03,21,0.426,0.336,0.826,0.6696465879413499,0.24016886689359823,Endothelial Cells,0.8396088,0.16042318478064507,0.30323446,0.5452365
ScPreGanPipeline,NaultPipeline,,,0.1,23,0.901,0.819,0.637,0.6782539173453082,0.8323799770182707,Hepatocytes - portal,0.7330347,0.09450160706166671,0.21949625,0.34283435
ScPreGanPipeline,NaultPipeline,,,0.1,5,0.87,0.914,0.955,0.9270200445445838,0.9075760935995457,Macrophage,0.86111194,0.19314872214925297,0.5952171,0.7039364
ScPreGanPipeline,NaultPipeline,,,0.1,13,0.925,0.891,0.748,0.6899525980439468,0.8827780805277847,Hepatocytes - central,0.77733546,0.14023524891702285,0.52865076,0.4763094
ScPreGanPipeline,NaultPipeline,,,0.3,17,0.874,0.889,0.962,0.9563709438986924,0.8430913654387983,Hepatocytes - portal,0.7126334,0.0722283888588779,0.22848856,0.38183838
ScPreGanPipeline,NaultPipeline,,,0.01,6,0.261,0.018,0.036,0.04468601645631686,0.0035222978827410757,Stellate Cells,0.7818236,0.13985495173314644,0.7750565,0.7434066
ScPreGanPipeline,NaultPipeline,,,0.03,10,0.309,0.343,0.021,0.04803681105479213,0.3054371411788887,Portal Fibroblasts,0.8048118,0.15093488496522203,0.6013048,0.7468717
ScPreGanPipeline,NaultPipeline,,,0.03,8,0.666,0.326,0.19,0.2539739621965863,0.21338592901730521,Subtype 1,0.658756,0.14050470588235295,0.40299654,0.5726973
ScPreGanPipeline,NaultPipeline,,,0.03,9,0.87,0.882,0.904,0.8971919224130299,0.8889103522718831,Macrophage,0.8063129,0.13313705649333482,0.31326786,0.5884019
ScPreGanPipeline,NaultPipeline,,,0.01,3,0.587,0.252,0.106,0.11742999009217481,0.33176216590903956,Subtype 1,0.68262523,0.11766962962962964,0.68428576,0.71042424
ScPreGanPipeline,NaultPipeline,,,0.01,15,0.828,0.897,0.901,0.6525491098113307,0.7939021551776599,Neutrophils,0.53847516,0.10928571428571429,0.4670732,0.5524866
ScPreGanPipeline,NaultPipeline,,,0.03,14,0.286,0.281,0.517,0.3598779646352833,0.1476153744880467,Stellate Cells,0.78260964,0.157036508680645,0.5421125,0.66333735
ScPreGanPipeline,NaultPipeline,,,0.03,8,0.841,0.808,0.933,0.8963715433415745,0.7920773031200835,Hepatocytes - portal,0.62735933,0.08008357875041197,0.23269089,0.41039222
ScPreGanPipeline,NaultPipeline,,,0.1,12,0.383,0.018,0.049,0.04570220237009276,0.0018621288989767366,Endothelial Cells,0.87651575,0.20619518073545487,0.5887357,0.7127199
ScPreGanPipeline,NaultPipeline,,,0.03,11,0.293,0.163,0.093,0.03191586786355256,0.0719190997330537,Cholangiocytes,0.75343245,0.20299428190010013,0.8248893,0.7165188
ScPreGanPipeline,NaultPipeline,,,0.03,2,0.697,0.176,0.001,0.01661917036684124,0.8192284074299626,Neutrophils,0.7628077,0.163403007518797,0.7341326,0.7769092
ScPreGanPipeline,NaultPipeline,,,0.03,8,0.575,0.859,0.859,0.8547252225774058,0.6302089014173502,T Cells,0.78833055,0.17346036857693573,0.46472612,0.68745065
ScPreGanPipeline,NaultPipeline,,,0.01,4,0.56,0.543,0.699,0.3480675736423715,0.32780085421357336,B Cells,0.68936944,0.1152990909090909,0.553023,0.6878267
ScPreGanPipeline,NaultPipeline,,,0.01,3,0.832,0.752,0.863,0.843899747316907,0.7746366647392687,Macrophage,0.75496227,0.11548568241482918,0.58902645,0.6662053
ScPreGanPipeline,NaultPipeline,,,0.01,3,0.328,0.132,0.044,0.06538876426895665,0.0819879223228992,Endothelial Cells,0.8152398,0.14085877614331738,0.6996477,0.7334668
ScPreGanPipeline,NaultPipeline,,,0.03,19,0.927,0.856,0.897,0.8892141226478414,0.8446402331066044,Hepatocytes - central,0.69320416,0.09676929722502352,0.31391123,0.39537823
ScPreGanPipeline,NaultPipeline,,,0.01,5,0.407,0.449,0.253,0.09273518476062163,0.40898662119673335,Cholangiocytes,0.7223646,0.1101955681282414,0.6753517,0.6618753
ScPreGanPipeline,NaultPipeline,,,0.01,6,0.489,0.189,0.651,0.1872099035269864,0.3489890278801152,T Cells,0.74328554,0.11786563462338745,0.6058011,0.6794163
ScPreGanPipeline,NaultPipeline,,,0.1,6,0.74,0.834,0.861,0.6974315336230303,0.6228113846604142,B Cells,0.81959826,0.20930419540229886,0.7166845,0.8028981
ScPreGanPipeline,NaultPipeline,,,0.01,9,0.935,0.943,0.955,0.9560080511365058,0.924160678208328,Hepatocytes - central,0.67065775,0.09240871047908775,0.22911839,0.40423092
ScPreGanPipeline,NaultPipeline,,,1.0,17,0.627,0.78,0.841,0.7091457635259667,0.5834517083218581,T Cells,0.8395218,0.19700863458720078,0.5110441,0.67432404
ScPreGanPipeline,NaultPipeline,,,0.01,11,0.852,0.817,0.823,0.8405704443594283,0.8043368693382567,Hepatocytes - portal,0.61798215,0.06577863563313817,0.29391843,0.3356062
ScPreGanPipeline,NaultPipeline,,,0.3,4,0.453,0.591,0.893,0.7316429061752912,0.6315268788186044,Endothelial Cells,0.8293766,0.16386517731086775,0.56234455,0.6541614
ButterflyPipeline,NaultPipeline,,,1.0,10,0.494,0.602,0.885,0.8774863191544777,0.49374286975072346,Stellate Cells,0.86008877,0.45911770516717326,0.36568594,0.5634021
ScPreGanPipeline,NaultPipeline,,,0.3,10,0.442,0.613,0.42,0.7134973593184353,0.44236666588521517,Cholangiocytes,0.7572041,0.16716840368247352,0.53946143,0.6363781
ButterflyPipeline,NaultPipeline,,,1.0,2,0.692,0.201,0.041,0.008507230132204318,0.8049138530767768,Neutrophils,0.8260022,0.3025309523809524,0.6570306,0.7950188
ButterflyPipeline,NaultPipeline,,,1.0,4,0.651,0.912,0.794,0.848771178279677,0.8825643108101202,Portal Fibroblasts,0.8475087,0.44755700280112043,0.41618046,0.61525005
ButterflyPipeline,NaultPipeline,,,3.0,70,0.956,0.96,0.972,0.9685058176816159,0.950911457669925,Hepatocytes - portal,0.76360947,0.17207029224346698,0.2057271,0.43227348
ButterflyPipeline,NaultPipeline,,,10.0,46,0.837,0.789,0.87,0.888709229826312,0.7754082118005262,Macrophage,0.8930393,0.3211538627745449,0.33752072,0.6260892
ButterflyPipeline,NaultPipeline,,,10.0,62,0.947,0.927,0.922,0.922386225702561,0.9144828229064241,Hepatocytes - portal,0.7801088,0.23562041065281106,0.14415567,0.3680917
ScPreGanPipeline,NaultPipeline,,,0.3,14,0.643,0.773,0.902,0.8447582344420765,0.6235749485589044,B Cells,0.7962332,0.14326260233918128,0.48464698,0.65370756
ScPreGanPipeline,NaultPipeline,,,0.3,10,0.854,0.945,0.98,0.9697719918285077,0.9242866187819331,Macrophage,0.84011775,0.1312361026799851,0.4223408,0.6303191
ScPreGanPipeline,NaultPipeline,,,10.0,37,0.848,0.856,0.902,0.9282856642548754,0.8501292135698226,Macrophage,0.8712136,0.2173167832474393,0.33008456,0.56258345
ButterflyPipeline,NaultPipeline,,,1.0,2,0.746,0.348,0.005,0.0036145820239061517,0.7086129898090485,Subtype 1,0.8454,0.35986941176470594,0.579048,0.71149015
ButterflyPipeline,NaultPipeline,,,1.0,7,0.766,0.933,0.98,0.9321625347234545,0.8347293755870895,T Cells,0.87994945,0.4266070224719101,0.63709545,0.7529417
ButterflyPipeline,NaultPipeline,,,3.0,59,0.933,0.941,0.982,0.9795021154060087,0.926700970692157,Macrophage,0.8936041,0.3034283109781752,0.34478638,0.5841956
ButterflyPipeline,NaultPipeline,,,3.0,68,0.968,0.96,0.949,0.9437554704881197,0.9546331071514865,Hepatocytes - central,0.8093704,0.23549099682801708,0.30603713,0.41217297
ButterflyPipeline,NaultPipeline,,,3.0,11,0.824,0.982,0.996,0.996807369001979,0.9694931156811883,B Cells,0.89786047,0.42526882193268195,0.38399246,0.6901872
ButterflyPipeline,NaultPipeline,,,3.0,22,0.632,0.908,0.994,0.9947439253648669,0.8426327056335188,Endothelial Cells,0.90656596,0.44175148971363587,0.3683768,0.59847754
ScPreGanPipeline,NaultPipeline,,,0.3,11,0.91,0.92,0.912,0.8882836362223036,0.9065669387106954,Hepatocytes - central,0.78077936,0.12365127851292368,0.49812442,0.5198783
ButterflyPipeline,NaultPipeline,,,3.0,6,0.707,0.897,0.956,0.9670296272674769,0.8572581729167784,Cholangiocytes,0.8643491,0.4369502404526166,0.32119483,0.59874207
ButterflyPipeline,NaultPipeline,,,3.0,5,0.874,0.927,0.951,0.9275014134555115,0.897803041369679,Neutrophils,0.8420081,0.3267151515151515,0.50174046,0.72732747
ButterflyPipeline,NaultPipeline,,,10.0,72,0.953,0.933,0.945,0.9440043421962757,0.9290257987491729,Hepatocytes - central,0.79157275,0.23684518637704477,0.20592955,0.4383204
ButterflyPipeline,NaultPipeline,,,3.0,9,0.841,0.972,0.996,0.9951399354799523,0.9475484917103746,T Cells,0.8827323,0.43140977640076145,0.45473853,0.6629272
ButterflyPipeline,NaultPipeline,,,3.0,6,0.78,0.776,0.185,0.8199283181564562,0.6813799018904543,Subtype 1,0.85329425,0.3306763276836158,0.47483802,0.7005584
ButterflyPipeline,NaultPipeline,,,10.0,19,0.596,0.832,0.976,0.971073394742405,0.7058769278963184,Endothelial Cells,0.9012341,0.5413298147443807,0.41244832,0.6503092
ButterflyPipeline,NaultPipeline,,,3.0,15,0.518,0.733,0.837,0.9044709391581509,0.6121630904645304,Stellate Cells,0.86306006,0.461238886463171,0.37886712,0.5546754
ButterflyPipeline,NaultPipeline,,,3.0,9,0.572,0.88,0.927,0.8991218411526667,0.7330513289403318,Portal Fibroblasts,0.8793506,0.46591268170426064,0.38484773,0.65431875
ScPreGanPipeline,NaultPipeline,,,0.3,6,0.676,0.852,0.939,0.892478988426273,0.7414211771608737,T Cells,0.8056226,0.1544223113964687,0.51340884,0.7107045
ButterflyPipeline,NaultPipeline,,,10.0,38,0.733,0.951,0.992,0.9901418879331273,0.9124273042074497,B Cells,0.89772785,0.20840380278191756,0.48159227,0.68308437
ButterflyPipeline,NaultPipeline,,,10.0,20,0.651,0.83,0.906,0.8305694407752143,0.7247684301232712,Cholangiocytes,0.8468179,0.45968595002357376,0.33095083,0.615608
ScPreGanPipeline,NaultPipeline,,,0.3,13,0.477,0.706,0.213,0.6434983596922272,0.4433026612389589,Portal Fibroblasts,0.7584407,0.16019642857142857,0.56302536,0.693078
ScPreGanPipeline,NaultPipeline,,,0.3,14,0.808,0.88,0.958,0.9407772766052416,0.9033091780588504,Neutrophils,0.7531446,0.1521290476190476,0.68664247,0.77427655
ScPreGanPipeline,NaultPipeline,,,10.0,22,0.748,0.918,0.953,0.9502427948012299,0.8253693256846347,T Cells,0.8528404,0.24118937032521662,0.46072322,0.66369814
ButterflyPipeline,NaultPipeline,,,10.0,7,0.796,0.767,0.353,0.7562342848987238,0.6605561564233734,Subtype 1,0.8510679,0.36052157303370785,0.4735642,0.669512
ButterflyPipeline,NaultPipeline,,,10.0,5,0.794,0.691,0.738,0.7433472916936473,0.6817403845587725,Neutrophils,0.86167985,0.3490062374245473,0.45003295,0.6750624
ButterflyPipeline,NaultPipeline,,,30.0,54,0.861,0.839,0.951,0.9526867535598247,0.8275767013960137,Hepatocytes - portal,0.73293245,0.27332902035935924,0.14544447,0.31037334
ButterflyPipeline,NaultPipeline,,,10.0,12,0.576,0.717,0.927,0.9088799152162501,0.6231463977354111,Portal Fibroblasts,0.86581826,0.4531480392156862,0.36055204,0.6020172
ButterflyPipeline,NaultPipeline,,,10.0,10,0.48,0.594,0.794,0.711305987508258,0.42646805699714035,Stellate Cells,0.8659142,0.48860095280306187,0.48837823,0.64119154
ButterflyPipeline,NaultPipeline,,,10.0,17,0.79,0.937,0.998,0.9960636669950883,0.8687344032263051,T Cells,0.8937785,0.4623939734422881,0.46242028,0.68183726
ScPreGanPipeline,NaultPipeline,,,1.0,31,0.85,0.88,0.937,0.9196390365102711,0.8522432383660936,Hepatocytes - portal,0.7018921,0.0826581252327266,0.25577474,0.33093327
ScPreGanPipeline,NaultPipeline,,,1.0,23,0.487,0.629,0.778,0.6437805373738519,0.4846575109976499,Endothelial Cells,0.8278897,0.1425112987182244,0.34156275,0.5486828
ButterflyPipeline,NaultPipeline,,,30.0,55,0.916,0.92,0.956,0.9200747189771081,0.9173435300186729,Hepatocytes - central,0.78600484,0.24720815652939482,0.16210288,0.33362922
ButterflyPipeline,NaultPipeline,,,30.0,2,0.627,0.359,0.282,0.19231467119508763,0.256376438090177,Subtype 1,0.7940834,0.37219041362530414,0.5690633,0.62116516
ScPreGanPipeline,NaultPipeline,,,30.0,8,0.358,0.378,0.134,0.2593975514343122,0.3670294854077339,Portal Fibroblasts,0.65118474,0.23554543378995432,0.61072665,0.5884243
ButterflyPipeline,NaultPipeline,,,30.0,17,0.529,0.204,0.088,0.071427733170931,0.049660328897946304,B Cells,0.8694848,0.31621876481744904,0.4889524,0.63434935
ButterflyPipeline,NaultPipeline,,,30.0,5,0.269,0.034,0.019,0.00957384837827133,0.024427699686785025,Endothelial Cells,0.8185489,0.39037185772641425,0.7875132,0.71884346
ButterflyPipeline,NaultPipeline,,,30.0,3,0.348,0.46,0.271,0.21713203914686727,0.32710585376770707,Macrophage,0.85131353,0.2718826421610998,0.7894206,0.8116648
ButterflyPipeline,NaultPipeline,,,30.0,8,0.545,0.284,0.023,0.20084486820442268,0.14910916278408284,Cholangiocytes,0.79433465,0.48313159527007976,0.6320386,0.67648834
ButterflyPipeline,NaultPipeline,,,30.0,1,0.546,0.088,0.001,0.14819562686619714,0.5462457669149003,Neutrophils,0.86221004,0.3983499470899471,0.64911896,0.6908875
ButterflyPipeline,NaultPipeline,,,30.0,4,0.367,0.316,0.029,0.02186983447814439,0.2753234637541802,Portal Fibroblasts,0.79483825,0.4831914220482713,0.6380305,0.66842884
ButterflyPipeline,NaultPipeline,,,30.0,8,0.471,0.118,0.166,0.20798622737500425,0.09722081778081319,Stellate Cells,0.7971775,0.5113115214400866,0.67437434,0.6308866
ScPreGanPipeline,NaultPipeline,,,1.0,8,0.514,0.645,0.549,0.4776797750850047,0.617107784276292,Cholangiocytes,0.77869874,0.1710635891089109,0.42795166,0.66122836
ButterflyPipeline,NaultPipeline,,,0.01,7,0.904,0.865,0.92,0.8993497848573785,0.8890531152563501,Macrophage,0.8533112,0.29165186362683543,0.6387431,0.7265198
ButterflyPipeline,NaultPipeline,,,0.01,2,0.885,0.949,0.962,0.7986905789798606,0.8819390053616556,Neutrophils,0.6670231,0.2316666666666667,0.5742775,0.6564491
ButterflyPipeline,NaultPipeline,,,0.01,38,0.962,0.966,0.951,0.9573002000934204,0.9628413293435127,Hepatocytes - portal,0.74959505,0.17018021428305902,0.24466407,0.4417135
ButterflyPipeline,NaultPipeline,,,0.03,36,0.951,0.931,0.97,0.9595634075322128,0.929936913203248,Hepatocytes - portal,0.7446894,0.17395069027224958,0.22659603,0.46146262
ScPreGanPipeline,NaultPipeline,,,1.0,13,0.869,0.783,0.712,0.5758330688153132,0.9059528990291011,Macrophage,0.86478037,0.1757404085411856,0.5415691,0.6778174
ButterflyPipeline,NaultPipeline,,,0.03,19,0.912,0.897,0.887,0.8807446489263034,0.9096525734170836,Macrophage,0.87311524,0.2999925315451605,0.3382119,0.64326185
ButterflyPipeline,NaultPipeline,,,30.0,6,0.624,0.308,0.153,0.5170083158698862,0.26733803865568734,T Cells,0.8486513,0.40279596032818216,0.62264365,0.67294765
ButterflyPipeline,NaultPipeline,,,0.01,1,0.745,0.766,0.854,0.7372572214346336,0.5781745625406698,B Cells,0.8612167,0.3965174242424242,0.77155,0.8352998
ButterflyPipeline,NaultPipeline,,,0.01,47,0.964,0.953,0.951,0.9504609469119581,0.9428556706064418,Hepatocytes - central,0.7798147,0.2226465596815853,0.27129018,0.48074853
ButterflyPipeline,NaultPipeline,,,0.01,1,0.637,0.706,0.691,0.3658784199389785,0.6877095187644287,Cholangiocytes,0.8350233,0.4611598302687412,0.7096617,0.7748897
ButterflyPipeline,NaultPipeline,,,0.01,1,0.539,0.23,0.154,0.1354972510880535,0.18529744292221342,Endothelial Cells,0.88703895,0.4533526418599894,0.7629544,0.79629576
ButterflyPipeline,NaultPipeline,,,0.03,6,0.526,0.619,0.054,0.056307681008846755,0.5635740621136478,Portal Fibroblasts,0.85684526,0.4937817281968967,0.5210858,0.73598963
ButterflyPipeline,NaultPipeline,,,0.01,0,0.453,0.225,0.082,0.030953099930008526,0.12341921994274334,Stellate Cells,0.86413056,0.44187421865043963,0.73906404,0.769269
ScPreGanPipeline,NaultPipeline,,,10.0,17,0.315,0.494,0.719,0.6106757694697587,0.4102020751371976,Stellate Cells,0.7883726,0.23444666027680197,0.52633274,0.612669
ButterflyPipeline,NaultPipeline,,,0.01,1,0.714,0.393,0.78,0.2033471056492171,0.5678681996153159,T Cells,0.85740066,0.370802480233042,0.7001312,0.79104555
ButterflyPipeline,NaultPipeline,,,0.01,5,0.531,0.516,0.623,0.5636104072857643,0.39872022711720356,Portal Fibroblasts,0.8323777,0.5042761904761904,0.65126085,0.7340108
ButterflyPipeline,NaultPipeline,,,0.03,1,0.741,0.388,0.314,0.2853861428229283,0.26407202752811293,Subtype 1,0.8106102,0.32013607843137254,0.61389333,0.7366018
ButterflyPipeline,NaultPipeline,,,0.01,1,0.743,0.521,0.425,0.32908599105902975,0.4432287843472993,Subtype 1,0.8108617,0.3467996296296296,0.71500456,0.76942575
ButterflyPipeline,NaultPipeline,,,0.03,41,0.956,0.885,0.902,0.8949457569304048,0.8788060930501345,Hepatocytes - central,0.77103096,0.21699437426489748,0.33650964,0.4460063
ScPreGanPipeline,NaultPipeline,,,3.0,38,0.922,0.945,0.98,0.9573679866929363,0.9390622327020409,Hepatocytes - central,0.7263424,0.1125355371388959,0.27879503,0.39434785
ScPreGanReproduciblePipeline,PbmcPipeline,,ifn-b,0,45,0.859,0.916,0.924,0.9290043669555232,0.9086326514643486,B,0.89243186,0.3160405344063041,0.48360172,0.7112389
ButterflyPipeline,NaultPipeline,,,0.03,9,0.564,0.507,0.978,0.8582020648111144,0.3964336225819618,Endothelial Cells,0.9001567,0.43138757808627815,0.34591758,0.6544606
ButterflyPipeline,NaultPipeline,,,0.03,8,0.759,0.902,0.943,0.8979566852407344,0.8241217086373186,B Cells,0.86641544,0.4311022522522523,0.6419804,0.7575137
ButterflyPipeline,NaultPipeline,,,0.03,9,0.672,0.85,0.974,0.9230966706025946,0.772200392824466,Cholangiocytes,0.8400269,0.46670584047168756,0.6214592,0.733596
ScPreGanPipeline,NaultPipeline,,,1.0,29,0.922,0.904,0.929,0.9069709663628994,0.917560369448677,Hepatocytes - central,0.7128673,0.12145209120363315,0.23633513,0.39879617
ScPreGanPipeline,NaultPipeline,,,3.0,18,0.711,0.906,0.964,0.9299848187112297,0.8447223260112957,B Cells,0.8557798,0.17799584690553746,0.45159078,0.6785616
ButterflyPipeline,NaultPipeline,,,0.1,54,0.941,0.845,0.714,0.706678901759324,0.8358497790691706,Hepatocytes - portal,0.74701494,0.1747825333123294,0.29360586,0.46507692
ScPreGanPipeline,NaultPipeline,,,10.0,20,0.496,0.805,0.893,0.8549608069974468,0.6339879010829513,Cholangiocytes,0.8090436,0.25006515794436585,0.34440717,0.5952319
ScPreGanPipeline,NaultPipeline,,,1.0,14,0.441,0.651,0.701,0.4118187225242398,0.5530631270167422,Portal Fibroblasts,0.7486148,0.1768953781512605,0.42655474,0.5768667
ScPreGanPipeline,NaultPipeline,,,1.0,16,0.692,0.865,0.949,0.8824444551257684,0.7555214670051325,B Cells,0.7761354,0.165781006006006,0.45474467,0.6642465
ScPreGanPipeline,NaultPipeline,,,10.0,26,0.491,0.774,0.925,0.913874066287822,0.7039157549016825,Endothelial Cells,0.8494242,0.22824206313719306,0.35417566,0.5881687
ScPreGanPipeline,NaultPipeline,,,3.0,44,0.375,0.613,0.771,0.8574431634504617,0.47455371212583325,Stellate Cells,0.8238859,0.15493656086126217,0.40494713,0.47989395
ScPreGanPipeline,NaultPipeline,,,10.0,58,0.882,0.878,0.865,0.8645590468823541,0.8574175256682358,Hepatocytes - portal,0.7680362,0.12362212122104797,0.18449423,0.2836994
ScPreGanPipeline,NaultPipeline,,,30.0,7,0.222,0.038,0.025,0.027123650833757732,0.02109847017804034,Endothelial Cells,0.76097775,0.25926836023250255,0.842536,0.7225239
ButterflyPipeline,NaultPipeline,,,0.1,9,0.691,0.902,0.945,0.9769569130827968,0.8384355930592972,Cholangiocytes,0.860806,0.4578131055853677,0.6865707,0.7819151
ButterflyPipeline,NaultPipeline,,,0.1,7,0.555,0.141,0.115,0.1362667485117549,0.06541042620450148,Endothelial Cells,0.9005102,0.45140779744142767,0.65620816,0.76470953
ScPreGanPipeline,NaultPipeline,,,3.0,28,0.854,0.88,0.931,0.9297518232504366,0.854563098243084,Macrophage,0.8466566,0.17640671559989327,0.22394705,0.4821004
ButterflyPipeline,NaultPipeline,,,0.03,0,0.746,0.192,0.007,0.008140734910024316,0.8328599925312026,Neutrophils,0.8263526,0.2788167919799499,0.72154826,0.7992024
ScPreGanPipeline,NaultPipeline,,,1.0,7,0.616,0.154,0.03,0.009169575244133622,0.7740783577943663,Neutrophils,0.76190853,0.18331666666666666,0.648519,0.7650951
ButterflyPipeline,NaultPipeline,,,0.03,0,0.484,0.619,0.891,0.7586709648375773,0.4166656191122846,Stellate Cells,0.86300373,0.47397540930400284,0.50553346,0.6752209
ScPreGanPipeline,NaultPipeline,,,30.0,4,0.136,0.008,0.01,0.00047566375114965623,0.0023180193422055193,Stellate Cells,0.6991584,0.26530253832699474,0.7516543,0.7198847
ScPreGanReproduciblePipeline,PbmcPipeline,,ifn-b,0,46,0.865,0.902,0.929,0.9296981343585329,0.8225593050317825,NK,0.8924027,0.31492405201411433,0.4934629,0.70361716
ScPreGanReproduciblePipeline,PbmcPipeline,,ifn-b,0,45,0.861,0.839,0.755,0.7534785661959478,0.8365904563882391,CD14+Mono,0.8518722,0.14533622343830707,0.42618126,0.5669968
ScPreGanReproduciblePipeline,PbmcPipeline,,ifn-b,0,26,0.503,0.475,0.271,0.28037447333390825,0.4781173528666057,FCGR3A+Mono,0.79377574,0.15851746396723532,0.5316232,0.6321006
ScPreGanReproduciblePipeline,PbmcPipeline,,ifn-b,0,56,0.935,0.943,0.972,0.961515974437615,0.9455062285698915,CD4T,0.8566136,0.17091819753804602,0.43919978,0.6574233
ScPreGanPipeline,NaultPipeline,,,3.0,30,0.483,0.794,0.887,0.9393074611429347,0.7264157040106807,Endothelial Cells,0.8651153,0.1584391663879446,0.2813569,0.510525
ButterflyPipeline,NaultPipeline,,,0.1,11,0.92,0.972,0.99,0.9879674037714621,0.9514029599831292,Macrophage,0.8901806,0.30194509665271096,0.63828945,0.7427257
ButterflyPipeline,NaultPipeline,,,0.1,34,0.964,0.953,0.837,0.8309186632181529,0.9501437374819014,Hepatocytes - central,0.81187797,0.23838145784553388,0.5517403,0.52022797
ScPreGanPipeline,NaultPipeline,,,10.0,5,0.294,0.711,0.958,0.9449642375593319,0.585201133781713,Portal Fibroblasts,0.7767341,0.2775062745098039,0.51790893,0.6640474
ButterflyPipeline,NaultPipeline,,,0.1,15,0.764,0.887,0.845,0.7246138681447499,0.6868726460383285,B Cells,0.88846844,0.23293856321839085,0.7907542,0.85924685
ScPreGanPipeline,NaultPipeline,,,3.0,20,0.76,0.914,0.949,0.9387470094970325,0.8660052991725138,T Cells,0.83609784,0.20079363918026055,0.38830382,0.57043695
ButterflyPipeline,NaultPipeline,,,0.03,7,0.797,0.988,0.994,0.9938287752886427,0.8383645638287501,T Cells,0.8770173,0.4084411123125382,0.574836,0.78100586
ScPreGanPipeline,NaultPipeline,,,1.0,4,0.637,0.32,0.013,0.009558589427779951,0.6518086937535155,Subtype 1,0.7813893,0.19155549019607843,0.5539783,0.69879395
ScPreGanPipeline,NaultPipeline,,,3.0,16,0.542,0.794,0.908,0.8848393212525987,0.7615397984509523,Cholangiocytes,0.7515487,0.21665966053748234,0.31874624,0.52850485
ScPreGanReproduciblePipeline,PbmcPipeline,,ifn-b,0,48,0.943,0.96,0.974,0.9748303894264655,0.9594163541002259,CD8T,0.8730285,0.19407346089630786,0.48688978,0.6954228
ScPreGanPipeline,NaultPipeline,,,3.0,41,0.835,0.835,0.899,0.8957715267005705,0.7972246762145582,Hepatocytes - portal,0.70026845,0.08376786376913531,0.25074106,0.3542494
ButterflyPipeline,NaultPipeline,,,0.3,44,0.962,0.956,0.951,0.9393542282368225,0.9501391146271054,Hepatocytes - central,0.81600964,0.21098850985554254,0.49716163,0.5450454
ScPreGanPipeline,NaultPipeline,,,10.0,20,0.766,0.661,0.702,0.69881527883987,0.6475920601181572,Neutrophils,0.83461416,0.2434862508383635,0.41237092,0.63841426
ScPreGanPipeline,NaultPipeline,,,3.0,20,0.834,0.912,0.931,0.9133465864783613,0.8836900518929803,Neutrophils,0.79263663,0.1745017316017316,0.48020905,0.6988651
ScPreGanPipeline,NaultPipeline,,,3.0,13,0.733,0.745,0.125,0.7991040464807372,0.6416342006679162,Subtype 1,0.7967756,0.18715610169491526,0.48525596,0.6460019
ScPreGanPipeline,NaultPipeline,,,3.0,30,0.36,0.437,0.36,0.246230375383149,0.33600705975106104,Portal Fibroblasts,0.7701747,0.2173327318295739,0.4705225,0.5900213
ScPreGanPipeline,NaultPipeline,,,10.0,24,0.764,0.906,0.978,0.9653641621852534,0.8719606954935288,B Cells,0.85694015,0.2562846895181321,0.5961913,0.6875492
ScPreGanPipeline,NaultPipeline,,,30.0,15,0.537,0.142,0.071,0.09242786813807577,0.5150064841216795,Neutrophils,0.7407244,0.24429502645502643,0.511432,0.5022231
ScPreGanPipeline,NaultPipeline,,,10.0,62,0.939,0.947,0.964,0.963191093687608,0.9436134874182729,Hepatocytes - central,0.7168611,0.13136693483507642,0.2308611,0.38660544
ScPreGanPipeline,NaultPipeline,,,30.0,9,0.189,0.025,0.046,0.09201978622187582,0.018642647586057822,Cholangiocytes,0.61167014,0.20417984310993917,0.61553884,0.58396953
ScPreGanPipeline,NaultPipeline,,,30.0,5,0.442,0.376,0.41,0.3862212155861257,0.33373464017797483,Macrophage,0.6704411,0.15221326652748277,0.5652843,0.5416708
ScPreGanPipeline,NaultPipeline,,,30.0,12,0.453,0.663,0.906,0.9149167876982582,0.6555923275840821,Hepatocytes - central,0.57109845,0.1613816261934759,0.4610285,0.40983278
ScPreGanPipeline,NaultPipeline,,,30.0,10,0.521,0.406,0.417,0.22764916484309375,0.1928636753622567,Subtype 1,0.65679044,0.18503829683698295,0.4396453,0.50757194
ScPreGanPipeline,NaultPipeline,,,10.0,24,0.781,0.781,0.331,0.7563077942909767,0.6640708660219614,Subtype 1,0.8322311,0.2434425842696629,0.4328282,0.62771755
ScPreGanPipeline,NaultPipeline,,,30.0,18,0.534,0.601,0.839,0.8026354229075082,0.5308269802526339,Hepatocytes - portal,0.60308194,0.17552980903331106,0.30325836,0.33042857
ScPreGanPipeline,NaultPipeline,,,30.0,16,0.578,0.475,0.686,0.40080469008765734,0.2959046301993224,B Cells,0.7893013,0.2010540350877193,0.5290123,0.5853945
ScPreGanPipeline,NaultPipeline,,,30.0,14,0.486,0.384,0.493,0.6041039463113234,0.33986892535955804,T Cells,0.7539962,0.18959609212824147,0.605611,0.59056616
